{"cameraMode":{"drawMode":0,"name":"Shaded","section":"Shading Mode"},"sceneLighting":false,"audioPlay":false,"sceneViewState":{"showFog":true,"showMaterialUpdate":true,"showSkybox":true,"showFlares":true,"showImageEffects":true,"showParticleSystems":true},"in2DMode":false,"pivot":{"x":0.17437219619750977,"y":2.547576904296875,"z":-2.1334228515625},"rotation":{"x":-0.061461132019758227,"y":0.0005915376823395491,"z":-0.00003730132812052034,"w":-0.9981216192245483},"size":9.523998260498047,"orthographic":true}