{"cameraMode":{"drawMode":0,"name":"Shaded","section":"Shading Mode"},"sceneLighting":false,"audioPlay":false,"sceneViewState":{"showFog":true,"showMaterialUpdate":false,"showSkybox":true,"showFlares":true,"showImageEffects":true,"showParticleSystems":true},"in2DMode":false,"pivot":{"x":-0.40130615234375,"y":0.308837890625,"z":10.166015625},"rotation":{"x":0.005998969078063965,"y":0.01799893192946911,"z":-0.00010822862532222643,"w":0.999821126461029},"size":6.880002021789551,"orthographic":true}