{"cameraMode":{"drawMode":0,"name":"Shaded","section":"Shading Mode"},"sceneLighting":false,"audioPlay":false,"sceneViewState":{"showFog":true,"showMaterialUpdate":false,"showSkybox":true,"showFlares":true,"showImageEffects":true,"showParticleSystems":true},"in2DMode":false,"pivot":{"x":0.20485813915729524,"y":0.3283366560935974,"z":0.7066617012023926},"rotation":{"x":-0.009307706728577614,"y":-0.02040049619972706,"z":0.00018995044229086488,"w":-0.9997503757476807},"size":4.779936790466309,"orthographic":false}