{"cameraMode":{"drawMode":0,"name":"Shaded","section":"Shading Mode"},"sceneLighting":false,"audioPlay":false,"sceneViewState":{"showFog":true,"showMaterialUpdate":false,"showSkybox":true,"showFlares":true,"showImageEffects":true,"showParticleSystems":true},"in2DMode":false,"pivot":{"x":-1.4901161193847657e-7,"y":-0.0918576717376709,"z":-2.147132396697998},"rotation":{"x":-0.061461132019758227,"y":0.0005915376823395491,"z":-0.00003730132812052034,"w":-0.9981216192245483},"size":12.802783012390137,"orthographic":true}